{
  "project_info": {
    "project_number": "780941878803",
    "project_id": "inflix-258d7",
    "storage_bucket": "inflix-258d7.firebasestorage.app"
  },
  "client": [
    {
      "client_info": {
        "mobilesdk_app_id": "1:780941878803:android:6da3fc414d843ed32981e6",
        "android_client_info": {
          "package_name": "com.inflix.android"
        }
      },
      "oauth_client": [
        {
          "client_id": "780941878803-3vistmhg4j9th98506982bpunb4o0d5h.apps.googleusercontent.com",
          "client_type": 3
        }
      ],
      "api_key": [
        {
          "current_key": "AIzaSyCJO-g8g6C40VYKF7bec9RnOvD-B29SfbI"
        }
      ],
      "services": {
        "appinvite_service": {
          "other_platform_oauth_client": [
            {
              "client_id": "780941878803-3vistmhg4j9th98506982bpunb4o0d5h.apps.googleusercontent.com",
              "client_type": 3
            }
          ]
        }
      }
    }
  ],
  "configuration_version": "1"
}